BTC,1N52wHoVR79PMDishab2XmRHsbekCdGquK,148NCF4RqFSYWf3R16S9vHUqcZbP15bfnw
LTC,LhyLNfBkoKshT7R8Pce6vkB9T2cP2o84hx,LbQ8VAJYpXYR9PmcxeMDMHf2MQDmgBCmif
DOGE,D9GqmkGCpgtnXP7xMD78v9xfqeDkqBZBMT,DArWvJpDpSuygNBQfskrWPTnh1NgLymd2j
VTC,VfukW89WKT9h3YjHZdSAAuGNVGELY31wyj,3NTBAowATDoGFZDqdXRrxPb2EAJKgngc7J
PPC,null,PHoYB3gYVrsbyw75dsRWfAcVoFd8yeqXxg
FTC,null,6kyjzGUsbMNJUxjQ2213XNBjGWqjBPD6P1
RDD,null,RoaBJqLnJPp1oNpUSSjNB1F99USPqe9HJY
NXT,NXT-97H4-KRWL-A53G-7GVRG,e3c55eb33ac14187a26dc7dcc1a25bf52e175723048540e78cd7b2c0bf568061
DASH,XxsTca1ATYAuZdCo6E8ePQQovGG5bvayeN,XnR5owAHzKww8agFPE89U4vYW3CUrG4Srx
POT,null,PJbcVja1D3FmVztv4mauU9XiuMJ7LZtHaP
BLK,null,B4joYkpVX6ccgUhiWpAyRPdGMNQuZr7YvT
EMC2,null,offline
XMY,null,MWdwwaTNdS6RcvSmVMfzKbgR4iHD27iN1M
AUR,null,AM9LsMjEpidSYuRwh57vj4a9GVrLrE5H37
EFL,null,LeD9XronfDxMsrk8pB5FEEeyEqR5GzSsC5
GLD,null,E8eqUsTTEP86ZuB4kDN1oLyTEQjUyT1Yr1
FAIR,null,fNnry4AR7zVQX2kd7Hwr3URL4wxMkUWw4U
SLR,null,8dL6rhcpirPHJtLPE4rg7uWPg7p8Po3W77
PTC,null,L3C3Cv9EfbjWiTQbX1h5CxrSPnSKcArJeb
GRS,null,3MNGBMJS79cnAT9TFrmvoW7GPa8B58cy5z
NLG,null,Gd2SqyX9rxLNSmt4VL9gn6dqC4W2g6kvfy
RBY,null,RYSDBGx5SyHiLRKFaRrk9wCvFrVXVNz1qV
XWC,null,WjU6u4U65tx1BJKgsPnYiJk9AF9QFkoveU
MONA,MVPVmbbm7g3f9PF2xRV6RSoSnw8xfr8kNj,PQqNMLoQKBJ5Xh6jwCMri2pqVc2zk6CSmn
THC,HCt5LgCkUX39ekrQdEHaN8Rp5AHZP3MKTj,TwcNojGFMm66k2Chesk9oPWvyHkJ1Xbnv8
ENRG,null,e9Zb8iGkhDxMqNP9WzAQT1d5wB7GWpQt1Y
ERC,null,ESkMP7Q7Hsmgz3wW6TNhf1BDTUJ8G3He9D
VRC,null,VBJYCCUP9F9FKGgdRPXAHRYqS4NcZm4Emm
CURE,null,B6xmX8WS5DUv1A1yW7dwpJce2WfqPZ4QxZ
XMR,463tWEBn5XZJSxLU6uLQnQ2iY9xuNcDbjLSjkn3XAXHCbLrTTErJrBWYgHJQyrCwkNgYvyV3z8zctJLPCZy24jvb3NiTcTJ,fef7cb7c31264c9bba2981e5642c2b32d21f823759564f4f861122faab58af36
CLOAK,null,C9tZ6bVXu4a7VPMtB4xB4coY5ypfNnriuu
BSD,null,i8PNNrcQsuThneQqgLjiQMLEg5RrzwY2iB
START,null,sUc99W1kmwMDZnny4z2mebQhP52b4Pm3Am
KORE,null,KVY7j5w8WT5BAdFYn22wXk3LZzdaBBQNA2
XDN,dddpmAwrXsaHVTBMMpsHfERfBsJ348x77QR6wpQFJ4zqDoXdF4vxJEK6ar8rmvrL6AZRWMh8AE1pDbWvY9EdpXN638mpYCJ62,dc05cf4aa94e4621904e54658d94e5ca24627abf883f40ffa0c1d6dd24c585be
TRUST,null,TB6TzEAQzz9WBpkp3kxU7Bb9j8EsNL3ict
NAV,null,Ng64BF4doJc295Zq5YW9SWd3wy9mpT3Dnu
XST,null,RyNwWcfXVzmPMRTeLW4EPnAgafqQVu8evw
VIA,null,VvZ8wSVpy6GoraqZsPgk5dWYVsok4YTTvb
PINK,null,offline
IOC,null,iqqHwFEGRMmd35z11BeCDmG5NGKhbU7wXM
CANN,null,CW9sHEd2bBRTK6xXU6daqu5iMYXoFu6vWw
SYS,null,SVVnLTVVEeuG3RKVViA8xZw2vcp8tCtXcA
NEOS,null,NXADAHizsM5gJuLge4hVXLM9ajJ2o7sTjx
DGB,DBF4pdn7CGZMkxFUvdMbfxyJ8cRqfwsurj,DNjRRFxFXD1gXGwWq81cA3LZJoZQhkvvSd
BTS,bittrex-deposit,f533ffbb8e26409e95c
BURST,BURST-HK9D-P74Q-XDEJ-D6PGM,ab9a1e0bbda347ca95fe0c494e7bda3248402e0951134e969c1bfecc44598d98
PXI,null,PGuFvhq7PwDo5KaFHixALoTxGBdnqeR8uh
EXCL,null,EPtFPML8ebgierK3cDy5M4CgRDbFiQ5HTf
BITS,ARDOR-S42Z-ERET-QLMX-4JR77,5381b9446c5d40e69de406230d3e8666780ae8754a344ce98a581f87a3d5cf63
DOPE,null,DQ6UTNopSbvoy3JDqxkLzAPcBsMvm6ZtuH
BLOCK,null,BfdF6qEpNARmknMmQy2v9CBaBMPpssBP5S
ABY,null,ALEgSB6QY3Xgz4J38fYwgubHf8P1VUNa4e
BYC,null,B5hZ8hMvobpcpCfkkxTewfWWoLV2C5Ei8g
XMG,null,9BrMGrzsQL3uqSgmU8HEtZyG67ei7bdGpq
BLITZ,null,oZ7H7W14nTLuYdAYru9asJjMwJPjV7CGRQ
BAY,null,BFhS5pqqA59SBaUdegMkxJsB7gL2H6WimH
SPR,null,SZ4vyw2NX2ENsVWbT97eXduVZgeZnRLNQw
VTR,null,xr15JMgKvvwLweGYLWBFV8LrjjPa6JxT9n9tLXMXPxDWUcxDhzLKZGxKisQ1Xdu8ccr1G1CfZ9rqeznLLv8DfTwrNhkg3QoFp86rTm
XRP,rPVMhWBsfF9iMXYj3aAzJVkPDTFNSyWdKy,1974317317
GAME,null,GfnYXAmpdRSVKKusuDzhiDr969Rfu47gtU
NXS,null,2SNP4Dok1L8SvUcvVXqaChRgzxtieCd3mYNzupBcM94GQuWYfbP
COVAL,1AeqgtHedfA2yVXH6GiKLS2JGkfWfgyTC6,18pb65mStJKneJwQ2mgfp3aJKhpPqZsN5b
XCP,1AeqgtHedfA2yVXH6GiKLS2JGkfWfgyTC6,1JrEZMrykRdLjKW3rVRtrQxrjTdysMaeCE
BITB,null,2GCEFqHWPRnizvwAsdXyThRJiXMZPFVxRb
XVG,DCUWt5ctZcPdPMYPV2o1xK1kqv7jNwxu4h,D9ug1pkpa7kZjcdLmnVrotDQuYRa87UKm7
GEO,0xb3c4e9ca7c12a6277deb9eef2dece65953d1c864,0xd9ea6944634921f8b4cbef0b2db24a8bd7dfb4b5
FLDC,1AeqgtHedfA2yVXH6GiKLS2JGkfWfgyTC6,12DyKD5PzPVck6SDfvCh5doHuKmu6ZUo2f
GRC,null,Ryj1YrJ9GGsJFdC7qdKCvgo2SoMxrNfZLJ
FLO,null,offline
NBT,null,BKvioN3K6zwfrmirjNXeag79eo2afsU9A5
XEM,ND2JRPQIWXHKAA26INVGA7SREEUMX5QAI6VU7HNR,1b308d0b3e444caca2d
MUE,7cj7HboKG2PUV2jQcAU79naeCQvmV1doJW,7ZrUbtS8CessMbTU4wQVKnCJFeURQdaC8z
XVC,null,VfzvRsnYRn2fVs4LA844Fdm3o6YWst6GqL
CLAM,xHWM9sQVJS3WgLm88j29tpFfZw17TmbRoq,xLAsNyvnXi1YhvytszCL8A2YPqjMgBJHDf
DMD,null,dWSm2XMrSXtQXviSq1XZwdULwNdW33jid7
GAM,0xfbb1b73c4f0bda4f67dca266ce6ef42f520fbb98,0xc4da63a0aad3c3c8c3eb1072662e981404558e83
SPHR,null,BMKDWePiQZGsDWRGte4yLfhLspmrA3mVAL
OK,null,PVuK2WLGE3UppnUS8jVZ61fYxCJMkY4oeV
SNRG,null,SPo36r47Y7aW3AWegBbuYhYTpSwJpG1pH4
PKB,null,PFhvNVdHvQJnYxuxVAZzW1KCGfDTcE1VoT
CPC,null,CGYF8pswnn1GoLFKAGzVaKRMBM3uYWnxey
AEON,WmtK9TQ6yd2ZWZDAkRsebc2ppzUq2Wuo9XRRjHMH2fvqM3ARVqk3styJ6AavJFcpJFPFtxRGAqGFoJMZGJ6YYzQ61TYGfpykX,8ec633972d2c421386b15b880646ad7c8d3bbdde355e4a729e0fcfe06c830191
ETH,0xfbb1b73c4f0bda4f67dca266ce6ef42f520fbb98,0xc4da63a0aad3c3c8c3eb1072662e981404558e83
GCR,null,GYmjLc5WYdKqhACbMBRpEYF7GxfmNL7PdY
TX,null,TgbRWKAMP6VMz7Rz5eXHRH84kM78HdSYMT
BCY,1AeqgtHedfA2yVXH6GiKLS2JGkfWfgyTC6,1FYwMmHJEG5UBCaUs97JoX2LWGXJgdTFHA
EXP,0xc9710872d3e65edbf7f8776829dd7b21f2085e40,0x20a9ca2483a202c93a77941fe748e7a619aae62c
INFX,null,iFDJJsMLcZ558ZM9TZwYV8AdCmqcnA9Yez
OMNI,1DUb2YYbQA1jjaNYzVXLZ7ZioEhLXtbUru,1A9qMEKd9cMVjDcXXPuibCG3GvwQDJzobr
USDT,1DUb2YYbQA1jjaNYzVXLZ7ZioEhLXtbUru,1DFbFa7t1vpjXPLMBqXQrYUhFiJhLtj16r
AMP,1DUb2YYbQA1jjaNYzVXLZ7ZioEhLXtbUru,15dABYisoaDsDJmp1pbqQLFyTZz8pxDgcZ
AGRS,1DUb2YYbQA1jjaNYzVXLZ7ZioEhLXtbUru,16Qx958jUPa5qzN7HzgwaX2Se8K2VmLFV1
XLM,GB6YPGW5JFMMP2QB2USQ33EUWTXVL4ZT5ITUNCY3YKVWOJPP57CANOF3,d74066e537c44cc3808
BITCNY,bittrex-deposit,54475e04ab254a968ca
CLUB,null,CaczSm4xEWLvxtPbmoJw1RwPKUBuGzgcW1
RVR,null,VWLTsHrc47ycmA1GQCqWYWvFZjroRisr2g
EMC,null,ERW23KrPc7wKGoDqqqVJaRNytS1p5hDEUK
FCT,FA2MZs5wASMo9cCiKezdiQKCd8KA6Zbg2xKXKGmYEZBqon9J3ZKv,FA3ZRqcDvrDwiuRLsaCAxUW5HJvjdjeK2i5oLDpL1YFAEbjstuTe
MAID,1DUb2YYbQA1jjaNYzVXLZ7ZioEhLXtbUru,19VNY9Zu1TMqhYKe7mgxfXL5hWnQHC6hqP
EGC,null,EViczJZPMxVYonvDRqYiB8BaZeSBno9ayW
SLS,null,SjtxFXDuKknMsttVdhtDRwwj7cCDvCshXB
RADS,null,XqFrcoMAbcvJkjeXg6ccLTS3PfG7XLepdi
DCR,null,Dsnsm4ugjikvYPn74GaajoS8wh78wfVvTcf
SAFEX,1DUb2YYbQA1jjaNYzVXLZ7ZioEhLXtbUru,1WF8FhoRsLH27JKXDgPttMFMaUC47LaKW
PIVX,D9W8DPPC953iQbqWJqtfGHdtfTcr1kkm4U,DLFfRAS3rUFXz7U1JqFYGF1q9Homrv2euB
MEME,null,PHBeGpWvngSoNXEqf4b3zpvs7fPfGsigm3
STEEM,bittrex,afe6f12bfea041b9908
2GIVE,null,GzJ1y1N9ksdR4GSgNcKYUsTC17rXm6K2iA
LSK,6687808873757044786L,8067347509808160821L
PDC,1DUb2YYbQA1jjaNYzVXLZ7ZioEhLXtbUru,1CojqZwTXDtzBjKJFUn1hL2DyDzK2dBzHd
DGD,0xfbb1b73c4f0bda4f67dca266ce6ef42f520fbb98,0xc4da63a0aad3c3c8c3eb1072662e981404558e83
BRK,null,brhfMBAcvqvMJEMeGNDyEZtBxD4MQkV69GM
WAVES,3P31zvGdh6ai6JK6zZ18TjYzJsa1B83YPoj,3PBBY6FxPf359AGLVtk584htpVDemTje9Qf
RISE,1644223775232371040R,8067347509808160821R
LBC,null,bNYs3ZD34gDNgxwuSNGdeLzHhJEgms87Db
SBD,bittrex,d13977443ec34711988
BRX,null,bxFFuJwsVgPsGLzWanswuY3TdhT38mAAJmc
ETC,0xe592b0d8baa2cb677034389b76a71b0d1823e0d1,0x058e25c07a10db32dbab5c65e6b6c86354998e57
STRAT,null,SMw3XTyapq7uFvyHhxUcsRGTGUr9maqMb9
UNB,null,1F98QFydZ2GDsbzRcXMmL1ez934993dDVV
SYNX,null,SYB4KL429VS4zPotvP3b4PSXWcvL5P5JUA
TRIG,1AeqgtHedfA2yVXH6GiKLS2JGkfWfgyTC6,1BKy8p4dMf2UpWxiWsbQVrkpWa63Vpg7Zq
EBST,null,eJbxDyALdukiS5zeFvjdPd2oVPzjWRHFso
VRM,null,VFsRUvgkT38cXCiFQbh4Pb6LhAZtD5W3gZ
SEQ,null,SW9gMmz1PETAg8sF8vavZM5WaszxtQLjjg
SNGLS,0xfbb1b73c4f0bda4f67dca266ce6ef42f520fbb98,0xc4da63a0aad3c3c8c3eb1072662e981404558e83
REP,0xfbb1b73c4f0bda4f67dca266ce6ef42f520fbb98,0xc4da63a0aad3c3c8c3eb1072662e981404558e83
SHIFT,15128408768964966812S,8067347509808160821S
ARDR,ARDOR-XK2L-Z7NK-VNKM-AZYVT,7939f4ead50a40e49a8bafd854019873486c682ab4a84efab7771a8fc6373c6a
XZC,null,a6uERReUPLZoPnaEuVmg4dPqRhybHier4c
NEO,null,AHjTdv3UQ9YhCpFj2L2N4Aed92EAuJSWdt
ZEC,t1KVcK1PEFHRjzJTA3oeXA82tiUGj5V72Cb,t1P5DuhGvPZCTJYji4i42N2rGw4eXVb9v4L
ZCL,t1XN3E2aJgqpPpv8PS8bNBCivGSXVpvttef,t1c4MBreRrCPihpnnszoadWBjfAjaJ9Lwnv
IOP,null,pGM7s2Xb8DhVEjtMmULDMvr5BfwsQsmgc1
GOLOS,bittrex,0ae4f06fb6ad409eb15
GBG,bittrex,7d99e0e36cd841d69a9
UBQ,0xb3c4e9ca7c12a6277deb9eef2dece65953d1c864,0x69ae6243a3ef3aca0f8bd5ce645689b1e895a71d
KMD,null,RMdeuuAnawph9ZnrgmeDiJPrjvTJi2hEm3
SIB,null,SfBSSZaFYXUnee7nDk6nyLZCQtu4AY2dRD
ION,null,iXwoRWDQmgRUr4kfBd8Q4tVRj7no61PLi5
LMC,null,LXWMjwgeiKgzWW6DSp2m7EJzu2kr4bc94f
QWARK,0xb3c4e9ca7c12a6277deb9eef2dece65953d1c864,0xe63ca3c7f50533cc6840827a37b9219e2f528779
CRW,null,1HJGV2HyRrKA24FB7ppuWtyWe1y58kcsSf
SWT,0xfbb1b73c4f0bda4f67dca266ce6ef42f520fbb98,0xc4da63a0aad3c3c8c3eb1072662e981404558e83
TIME,0xfbb1b73c4f0bda4f67dca266ce6ef42f520fbb98,0xc4da63a0aad3c3c8c3eb1072662e981404558e83
MLN,0xfbb1b73c4f0bda4f67dca266ce6ef42f520fbb98,0xc4da63a0aad3c3c8c3eb1072662e981404558e83
TKS,3P31zvGdh6ai6JK6zZ18TjYzJsa1B83YPoj,3P5JRfqWzWQBiAuFMVAQsmHYiExzUJXfmZS
ARK,AUexKjGtgsSpVzPLs6jNMM6vJ6znEVTQWK,AJZisEjnnmY6M83L3ACZFYAGC5dWgzpGgz
DYN,null,D6MwUFXwQra8r3BPfhvUxVuG6riY9aGxSf
MUSIC,0xea62a60b127efd524b6e19791bcb374a49302c71,0x22a0d179fd256f255f9f4f633fe4603bf8b123bd
DTB,1AeqgtHedfA2yVXH6GiKLS2JGkfWfgyTC6,12JJJxYJ7GVp3bxqRBV3jUsePfgEy4k7Ud
INCNT,3P31zvGdh6ai6JK6zZ18TjYzJsa1B83YPoj,3P7eePC3szTtAHf5vpCxqsZpauRGxHq6eig
GBYTE,null,7EECEBOB7QM3JZXEVGWRPOQL3CIKHFA6
GNT,0xfbb1b73c4f0bda4f67dca266ce6ef42f520fbb98,0xc4da63a0aad3c3c8c3eb1072662e981404558e83
NXC,0xfbb1b73c4f0bda4f67dca266ce6ef42f520fbb98,0xc4da63a0aad3c3c8c3eb1072662e981404558e83
EDG,0xfbb1b73c4f0bda4f67dca266ce6ef42f520fbb98,0xc4da63a0aad3c3c8c3eb1072662e981404558e83
MORE,0xfbb1b73c4f0bda4f67dca266ce6ef42f520fbb98,0xc4da63a0aad3c3c8c3eb1072662e981404558e83
TRST,0xfbb1b73c4f0bda4f67dca266ce6ef42f520fbb98,0xc4da63a0aad3c3c8c3eb1072662e981404558e83
WINGS,0xfbb1b73c4f0bda4f67dca266ce6ef42f520fbb98,0xc4da63a0aad3c3c8c3eb1072662e981404558e83
RLC,0xfbb1b73c4f0bda4f67dca266ce6ef42f520fbb98,0xc4da63a0aad3c3c8c3eb1072662e981404558e83
GNO,0xfbb1b73c4f0bda4f67dca266ce6ef42f520fbb98,0xc4da63a0aad3c3c8c3eb1072662e981404558e83
GUP,0xfbb1b73c4f0bda4f67dca266ce6ef42f520fbb98,0xc4da63a0aad3c3c8c3eb1072662e981404558e83
LUN,0xfbb1b73c4f0bda4f67dca266ce6ef42f520fbb98,0xc4da63a0aad3c3c8c3eb1072662e981404558e83
APX,0xb3c4e9ca7c12a6277deb9eef2dece65953d1c864,0xa46114d2537e49984e4a9e26191721a54b80680a
TKN,0xfbb1b73c4f0bda4f67dca266ce6ef42f520fbb98,0xc4da63a0aad3c3c8c3eb1072662e981404558e83
HMQ,0xfbb1b73c4f0bda4f67dca266ce6ef42f520fbb98,0xc4da63a0aad3c3c8c3eb1072662e981404558e83
ANT,0xfbb1b73c4f0bda4f67dca266ce6ef42f520fbb98,0xc4da63a0aad3c3c8c3eb1072662e981404558e83
ZEN,znijtPB2zXxNG8qKnKuZprH9SbYhvdAzn5P,znYdvc6usK3s4oa7qZLMRw1qHtyEkLPhZyu
SC,null,1e51c14d3bfccd574d3c7ad1da798f021a7de9e95a381c23cd1dca42a656b31575d5d414a958
BAT,0xfbb1b73c4f0bda4f67dca266ce6ef42f520fbb98,0xc4da63a0aad3c3c8c3eb1072662e981404558e83
1ST,0xfbb1b73c4f0bda4f67dca266ce6ef42f520fbb98,0xc4da63a0aad3c3c8c3eb1072662e981404558e83
QRL,0xfbb1b73c4f0bda4f67dca266ce6ef42f520fbb98,0xc4da63a0aad3c3c8c3eb1072662e981404558e83
CRB,0xfbb1b73c4f0bda4f67dca266ce6ef42f520fbb98,0xc4da63a0aad3c3c8c3eb1072662e981404558e83
PTOY,0xfbb1b73c4f0bda4f67dca266ce6ef42f520fbb98,0xc4da63a0aad3c3c8c3eb1072662e981404558e83
MYST,0xfbb1b73c4f0bda4f67dca266ce6ef42f520fbb98,0xc4da63a0aad3c3c8c3eb1072662e981404558e83
CFI,0xfbb1b73c4f0bda4f67dca266ce6ef42f520fbb98,0xc4da63a0aad3c3c8c3eb1072662e981404558e83
BNT,0xfbb1b73c4f0bda4f67dca266ce6ef42f520fbb98,0xc4da63a0aad3c3c8c3eb1072662e981404558e83
NMR,0xfbb1b73c4f0bda4f67dca266ce6ef42f520fbb98,0xc4da63a0aad3c3c8c3eb1072662e981404558e83
SNT,0xfbb1b73c4f0bda4f67dca266ce6ef42f520fbb98,0xc4da63a0aad3c3c8c3eb1072662e981404558e83
DCT,bittrex,a3538acdb7aa4587a59
XEL,XEL-AQVJ-PPCK-QJYJ-8T65V,132b24d7ddb249998c17b673d97d67da1baff9b70d8944958c51cda46d411470
MCO,0xfbb1b73c4f0bda4f67dca266ce6ef42f520fbb98,0xc4da63a0aad3c3c8c3eb1072662e981404558e83
ADT,0xfbb1b73c4f0bda4f67dca266ce6ef42f520fbb98,0xc4da63a0aad3c3c8c3eb1072662e981404558e83
FUN,0xfbb1b73c4f0bda4f67dca266ce6ef42f520fbb98,0xc4da63a0aad3c3c8c3eb1072662e981404558e83
PAY,0xfbb1b73c4f0bda4f67dca266ce6ef42f520fbb98,0xc4da63a0aad3c3c8c3eb1072662e981404558e83
MTL,0xfbb1b73c4f0bda4f67dca266ce6ef42f520fbb98,0xc4da63a0aad3c3c8c3eb1072662e981404558e83
STORJ,0xfbb1b73c4f0bda4f67dca266ce6ef42f520fbb98,0xc4da63a0aad3c3c8c3eb1072662e981404558e83
ADX,0xfbb1b73c4f0bda4f67dca266ce6ef42f520fbb98,0xc4da63a0aad3c3c8c3eb1072662e981404558e83
OMG,0xfbb1b73c4f0bda4f67dca266ce6ef42f520fbb98,0xc4da63a0aad3c3c8c3eb1072662e981404558e83
CVC,0xfbb1b73c4f0bda4f67dca266ce6ef42f520fbb98,0xc4da63a0aad3c3c8c3eb1072662e981404558e83
PART,null,PoDnUcnidgA9S7mNXgaAy1A8Pjtr3n2Zqd
QTUM,null,QhVruSSHwWTDWxpZb1zgdRXrRFrGam8fCD
BCH,1MDyWzZjhtM8h1vpDzoyi3Pe2KALsyE7FM,12x2kzvqaFcEk6U5A2Qg5uaWPVEbYnxi8j
DNT,0xfbb1b73c4f0bda4f67dca266ce6ef42f520fbb98,0xc4da63a0aad3c3c8c3eb1072662e981404558e83
ADA,null,DdzFFzCqrhsx9MmntRLh45aU6NQCQmEJU48Cd4hXnqKMiYifiHgXcTgFLcNyMhpQKJq4K3QB9BkkQd8SdCRuvikrF7LkcZSebemMqxGN
MANA,0xfbb1b73c4f0bda4f67dca266ce6ef42f520fbb98,0xc4da63a0aad3c3c8c3eb1072662e981404558e83
SALT,0xfbb1b73c4f0bda4f67dca266ce6ef42f520fbb98,0xc4da63a0aad3c3c8c3eb1072662e981404558e83
TIX,0xfbb1b73c4f0bda4f67dca266ce6ef42f520fbb98,0xc4da63a0aad3c3c8c3eb1072662e981404558e83
RCN,0xfbb1b73c4f0bda4f67dca266ce6ef42f520fbb98,0xc4da63a0aad3c3c8c3eb1072662e981404558e83
VIB,0xfbb1b73c4f0bda4f67dca266ce6ef42f520fbb98,0xc4da63a0aad3c3c8c3eb1072662e981404558e83
MER,3P31zvGdh6ai6JK6zZ18TjYzJsa1B83YPoj,3PMCF2ZfNXG9jupvZfMyahujMa2mKiWLS1n
POWR,0xfbb1b73c4f0bda4f67dca266ce6ef42f520fbb98,0xc4da63a0aad3c3c8c3eb1072662e981404558e83
BTG,GQNvdm4t6denxnZvGmM4Qvm6g9qH6iiCHD,GULLsdTCWLJ2oBj7NfFWnoNsnQ1umEkAJF
ENG,0xfbb1b73c4f0bda4f67dca266ce6ef42f520fbb98,0xc4da63a0aad3c3c8c3eb1072662e981404558e83
UKG,0xfbb1b73c4f0bda4f67dca266ce6ef42f520fbb98,0xc4da63a0aad3c3c8c3eb1072662e981404558e83
IGNIS,ARDOR-BG2F-QZ3B-H99Y-6PSGQ,716bd2455d004c48a593dd14504fa621ffdc1428395f441c8983284d72556401
SRN,0xfbb1b73c4f0bda4f67dca266ce6ef42f520fbb98,0xc4da63a0aad3c3c8c3eb1072662e981404558e83
WAX,0xfbb1b73c4f0bda4f67dca266ce6ef42f520fbb98,0xc4da63a0aad3c3c8c3eb1072662e981404558e83
ZRX,0xfbb1b73c4f0bda4f67dca266ce6ef42f520fbb98,0xc4da63a0aad3c3c8c3eb1072662e981404558e83
VEE,0xfbb1b73c4f0bda4f67dca266ce6ef42f520fbb98,0xc4da63a0aad3c3c8c3eb1072662e981404558e83
BCPT,0xfbb1b73c4f0bda4f67dca266ce6ef42f520fbb98,0xc4da63a0aad3c3c8c3eb1072662e981404558e83
TRX,TAahLbGTZk6YuCycii72datPQEtyC5x231,offline
TUSD,0xfbb1b73c4f0bda4f67dca266ce6ef42f520fbb98,0xc4da63a0aad3c3c8c3eb1072662e981404558e83
BTCP,b1Hxdtt1ATg4uMZQ4SrDDdtbge43VGH3oBM,cannot generate
LRC,0xfbb1b73c4f0bda4f67dca266ce6ef42f520fbb98,0xc4da63a0aad3c3c8c3eb1072662e981404558e83
UP,0xfbb1b73c4f0bda4f67dca266ce6ef42f520fbb98,0xc4da63a0aad3c3c8c3eb1072662e981404558e83
DMT,0xfbb1b73c4f0bda4f67dca266ce6ef42f520fbb98,0xc4da63a0aad3c3c8c3eb1072662e981404558e83
POLY,0xfbb1b73c4f0bda4f67dca266ce6ef42f520fbb98,0xc4da63a0aad3c3c8c3eb1072662e981404558e83
PRO,0xfbb1b73c4f0bda4f67dca266ce6ef42f520fbb98,0xc4da63a0aad3c3c8c3eb1072662e981404558e83
BLT,0xfbb1b73c4f0bda4f67dca266ce6ef42f520fbb98,0xc4da63a0aad3c3c8c3eb1072662e981404558e83
STORM,0xfbb1b73c4f0bda4f67dca266ce6ef42f520fbb98,0xc4da63a0aad3c3c8c3eb1072662e981404558e83
AID,0xfbb1b73c4f0bda4f67dca266ce6ef42f520fbb98,0xc4da63a0aad3c3c8c3eb1072662e981404558e83
NGC,0xfbb1b73c4f0bda4f67dca266ce6ef42f520fbb98,0xc4da63a0aad3c3c8c3eb1072662e981404558e83
GTO,0xfbb1b73c4f0bda4f67dca266ce6ef42f520fbb98,0xc4da63a0aad3c3c8c3eb1072662e981404558e83
OCN,0xfbb1b73c4f0bda4f67dca266ce6ef42f520fbb98,0xc4da63a0aad3c3c8c3eb1072662e981404558e83
USD,null,offline
TUBE,bxdLhsWY56SNjVN2aQ5Yyb6hhCFfAQJVbYszWCUjeDTJMgHad8wZbNJBdrvujZzPvRY2X5AiWdTDCP626s4WbHcG1TYdEot9f,31103bad998849bc877180611eb9cd125cc6b6782c5c45cab32e32996be384a3
CBC,0xfbb1b73c4f0bda4f67dca266ce6ef42f520fbb98,0xc4da63a0aad3c3c8c3eb1072662e981404558e83
CMCT,0xfbb1b73c4f0bda4f67dca266ce6ef42f520fbb98,0xc4da63a0aad3c3c8c3eb1072662e981404558e83
NLC2,null,NP16iamKgS4kpkfkcaRxvzyKpUgn2qmiV6
BKX,0xfbb1b73c4f0bda4f67dca266ce6ef42f520fbb98,0xc4da63a0aad3c3c8c3eb1072662e981404558e83
MFT,0xfbb1b73c4f0bda4f67dca266ce6ef42f520fbb98,0xc4da63a0aad3c3c8c3eb1072662e981404558e83
LOOM,0xfbb1b73c4f0bda4f67dca266ce6ef42f520fbb98,0xc4da63a0aad3c3c8c3eb1072662e981404558e83
RFR,0xfbb1b73c4f0bda4f67dca266ce6ef42f520fbb98,0xc4da63a0aad3c3c8c3eb1072662e981404558e83
RVN,null,RXpWb1FnCxgb9mnZCJC2AB7bMaEnN9Ljb9
BFT,0xfbb1b73c4f0bda4f67dca266ce6ef42f520fbb98,0xc4da63a0aad3c3c8c3eb1072662e981404558e83
GO,0x37c87985c838f22f915c90440d5a150eb04163f3,0xed26740cf378f564db977775ff57048ab2ea16e4
HYDRO,0xfbb1b73c4f0bda4f67dca266ce6ef42f520fbb98,0xc4da63a0aad3c3c8c3eb1072662e981404558e83
UPP,0xfbb1b73c4f0bda4f67dca266ce6ef42f520fbb98,0xc4da63a0aad3c3c8c3eb1072662e981404558e83
ENJ,0xfbb1b73c4f0bda4f67dca266ce6ef42f520fbb98,0xc4da63a0aad3c3c8c3eb1072662e981404558e83
MET,0xfbb1b73c4f0bda4f67dca266ce6ef42f520fbb98,0xc4da63a0aad3c3c8c3eb1072662e981404558e83
DTA,0xfbb1b73c4f0bda4f67dca266ce6ef42f520fbb98,0xc4da63a0aad3c3c8c3eb1072662e981404558e83
EDR,0xfbb1b73c4f0bda4f67dca266ce6ef42f520fbb98,0xc4da63a0aad3c3c8c3eb1072662e981404558e83
BOXX,0xfbb1b73c4f0bda4f67dca266ce6ef42f520fbb98,0xc4da63a0aad3c3c8c3eb1072662e981404558e83
IHT,0xfbb1b73c4f0bda4f67dca266ce6ef42f520fbb98,0xc4da63a0aad3c3c8c3eb1072662e981404558e83
XHV,hvxyFVTrt3WJ4iuKD6QdXLakPLLwcKH7V2kygVtwWcU9JQSbotVhQkZNijkrmq4sjrghe1bvKeHGacSRztz8XpNL6AKa5U2erC,01800a1664f44fcd8eec3684acf7705ed20f28c1892f4f7c8874d8856df477b6
NPXS,0xfbb1b73c4f0bda4f67dca266ce6ef42f520fbb98,offline
